Job Title,Company,URL,Date Found,Status,Source,Location
Online Data Analyst Canada (French Language),TELUS Digital,https://remotive.com/remote-jobs/all-others/online-data-analyst-canada-french-language-2090945,2026-06-25,not applied,Remotive,Canada
Online Data Analyst United States Spanish speakers,TELUS Digital,https://remotive.com/remote-jobs/all-others/online-data-analyst-united-states-spanish-speakers-2090946,2026-06-25,not applied,Remotive,USA
Online Data Analyst Canada,TELUS Digital,https://remotive.com/remote-jobs/all-others/online-data-analyst-canada-2090944,2026-06-25,not applied,Remotive,Canada
Data Entry Clerk,Mercer County Works,https://remoteOK.com/remote-jobs/remote-data-entry-clerk-mercer-county-works-1133999,2026-06-25,not applied,RemoteOK,"Denver,"
General Virtual Assistant,Filipino Contractors,https://remoteOK.com/remote-jobs/remote-general-virtual-assistant-filipino-contractors-1134062,2026-06-25,not applied,RemoteOK,"Berkeley,"
Junior Data Analyst,Caterpillar Inc.,https://remoteOK.com/remote-jobs/remote-junior-data-analyst-caterpillar-inc-1134008,2026-06-25,not applied,RemoteOK,"Houston, Houston, Texas, United States"
Virtual Assistant,Torentify,https://remoteOK.com/remote-jobs/remote-virtual-assistant-torentify-1133970,2026-06-25,not applied,RemoteOK,"Katy, Katy, Texas, United States"
Data Analyst,Haystack,https://remoteOK.com/remote-jobs/remote-data-analyst-haystack-1134078,2026-06-25,not applied,RemoteOK,"Wien, Wien, Wien, Ãsterreich"
Online Consumer Research Panelist Data Entry Clerk Welcome,ApexFocusGroup LLC,https://remoteOK.com/remote-jobs/remote-online-consumer-research-panelist-data-entry-clerk-welcome-apexfocusgroup-llc-1134083,2026-06-25,not applied,RemoteOK,"Nowra,"
Data Analyst Excel,YO IT Consulting,https://remoteOK.com/remote-jobs/remote-data-analyst-excel-yo-it-consulting-1134019,2026-06-25,not applied,RemoteOK,"Sydney, Sydney, New South Wales, Australia"
Data Analyst/ Curam,AHU Technologies,https://weworkremotely.com/remote-jobs/ahu-technologies-data-analyst-curam,2026-06-25,not applied,WeWorkRemotely,Anywhere in the World
Marketing Virtual Assistant,Martell Media,https://remoteOK.com/remote-jobs/remote-marketing-virtual-assistant-martell-media-1134049,2026-06-26,not applied,RemoteOK,"Argentina,"
Entry Level Administrative Assistant,Recruit Lytics Hiring,https://remoteOK.com/remote-jobs/remote-entry-level-administrative-assistant-recruit-lytics-hiring-1134152,2026-06-27,not applied,RemoteOK,"Ø§ÙÙØ¯ÙÙØ©, Ø§ÙÙØ¯ÙÙØ© Ø§ÙÙØ¯ÙÙØ© Ø§ÙØ³Ø¹ÙØ¯ÙØ©"
Administrative Assistant Entry Level,Recruit Lytics Hiring,https://remoteOK.com/remote-jobs/remote-administrative-assistant-entry-level-recruit-lytics-hiring-1134138,2026-06-27,not applied,RemoteOK,"England, England, United Kingdom"
Data Entry Specialist Assistant Administrator,Recruit Lytics Hiring,https://remoteOK.com/remote-jobs/remote-data-entry-specialist-assistant-administrator-recruit-lytics-hiring-1134153,2026-06-27,not applied,RemoteOK,"Hong Kong, Hong Kong, Hong Kong SAR"
Virtual Executive Assistant,Recruit Lytics Hiring,https://remoteOK.com/remote-jobs/remote-virtual-executive-assistant-recruit-lytics-hiring-1134137,2026-06-27,not applied,RemoteOK,"Friesland, Friesland, Nederland"
